{"cameraMode":{"drawMode":0,"name":"Shaded","section":"Shading Mode"},"sceneLighting":true,"audioPlay":false,"sceneViewState":{"showFog":true,"showMaterialUpdate":false,"showSkybox":true,"showFlares":true,"showImageEffects":true,"showParticleSystems":true},"in2DMode":false,"pivot":{"x":77.2850112915039,"y":-15.32342529296875,"z":41.69171142578125},"rotation":{"x":0.09199345111846924,"y":0.8537544012069702,"z":-0.4866654872894287,"w":0.16137386858463288},"size":126.934326171875,"orthographic":false}